氏名,氏名（カタカナ）,電話番号,メールアドレス,郵便番号,住所,,,,
浅井武久,アサイタケヒサ,0975155582,takehisa_asai@antrxn.oxt,872-0501,大分県,宇佐市,安心院町原,1-10,
桑田瑞季,クワタミズキ,0350244240,mizuki137@yllcge.txw,101-0065,東京都,千代田区,西神田,1-19-17,西神田ロイヤルパレス410
笹本富男,ササモトトミオ,0870926900,osasamoto@hwgqkncqs.onh,769-1617,香川県,観音寺市,大野原町青岡,3-12-6,大野原町青岡マンション106
内海花鈴,ウツミカリン,0852107459,Karin_Utsumi@dpdcyhf.fky,692-0218,島根県,安来市,伯太町峠之内,2-17-2,伯太町峠之内ランド216
冨永美和,トミナガミワ,0793161887,miwa48025@uercl.lu,664-0029,兵庫県,伊丹市,中野北,4-3-19,
藤野将仁,フジノマサト,0954068341,masato55879@xkwqjt.zfpoo.xwa,840-0045,佐賀県,佐賀市,西田代,1-18,
平山正敏,ヒラヤママサトシ,0749169400,Masatoshi_Hirayama@xujdjsb.ad,521-0084,滋賀県,米原市,日光寺,2-10,
東範久,アズマノリヒサ,099286276,ewvbhgymnorihisa8656@ydone.ot,891-2121,鹿児島県,垂水市,栄町,4-14-4,
星輝,ホシヒカル,0859724012,hikaru20256@ohqgxfanwh.gys,689-0512,鳥取県,鳥取市,青谷町養郷,4-15-4,リバーサイド青谷町養郷412
水口靖,ミズグチヤスシ,0416948204,yasushi76850@dlxpu.bhec.lmr,338-0003,埼玉県,さいたま市中央区,本町東,4-20,本町東スカイ414
松尾節男,マツオセツオ,0575699837,setsuomatsuo@qwrlvopzog.yx,501-4511,岐阜県,郡上市,和良町下洞,1-4-11,
田沢紗良,タザワサラ,0980467815,sara100@lqsokoxhcr.ovj,903-0801,沖縄県,那覇市,首里末吉町,3-14,
西田浩寿,ニシダヒロヒサ,0250320099,ugrlgmfhphwb=hirohisa9978@fjhbw.gab,941-0063,新潟県,糸魚川市,清崎,4-20-17,キャッスル清崎219
南田葉月,ミナミダハヅキ,0847858256,hazuki968@saxvoocl.bmw.pu,720-2103,広島県,福山市,神辺町西中条,2-1-7,
東野菫,ヒガシノスミレ,0866696536,sumire_higashino@wcqk.dza.ck,701-0215,岡山県,岡山市南区,西畦,4-5,ロイヤルパレス西畦100
大前愛結,オオマエアユ,0950817244,ayu7354@dqocgzij.hs,859-5707,長崎県,平戸市,生月町御崎,2-16-2,生月町御崎ロイヤル215
水口小枝子,ミズグチサエコ,0771729463,saeko_mizuguchi@xkjgzusv.qpk,612-0809,京都府,京都市伏見区,深草願成町,4-1-17,
林栄子,ハヤシエイコ,0731637414,nvtuf-czla=pepeiko1723@pkyuuyo.rjt,649-3631,和歌山県,東牟婁郡串本町,樫野,4-6,樫野シティ405
花井渚,ハナイナギサ,0228120085,nagisa9687@oamqmxxoe.go,988-0207,宮城県,気仙沼市,岩月宝ケ沢,1-6,
松下元夫,マツシタモトオ,0790190346,motoo_matsushita@oqswngmdp.pi,679-2314,兵庫県,神崎郡市川町,北田中,2-3-16,北田中シティ312
石丸正美,イシマルマサミ,0835228364,masami_ishimaru@ajxedbht.kqh,751-0817,山口県,下関市,一の宮卸本町,1-10-17,
鳴海紫苑,ナルミシオン,0766381640,mmnk-w-shion925@mhpq.xal,939-0323,富山県,射水市,平野,2-7-12,
安斉雅紹,アンザイマサツグ,0196563708,masatsuguanzai@ygfy.xa,028-6821,岩手県,二戸市,浄法寺町小平,3-9-7,
大滝国男,オオタキクニオ,0283444710,kunio155@jpmkkz.jas,321-0516,栃木県,那須烏山市,大里,3-2-16,大里スイート216
岩渕真依,イワブチマイ,0533125915,Mai_Iwabuchi@zrck.cwx.vro,467-0816,愛知県,名古屋市瑞穂区,牧町,4-1,
松島碧仁,マツシマアオト,0974122463,Aoto_Matsushima@epljiecit.qfo,877-1374,大分県,日田市,松野町,2-9-2,ハウス松野町400
小山順一,オヤマジュンイチ,0994528763,junichioyama@cnmgvmxra.hi,895-2702,鹿児島県,伊佐市,菱刈下手,3-14-14,シティ菱刈下手210
竹本裕司,タケモトユウジ,0963202860,yuuji5848@pzmndnx.uklbf.kq,869-0452,熊本県,宇土市,高柳町,4-7-16,高柳町荘317
冨永庄一,トミナガショウイチ,0734782798,s-zsivyghinshouichi91870@kdhucq.qzqxu.zka,640-0312,和歌山県,和歌山市,黒谷,3-11-8,黒谷プレイス405
目黒政志,メグロマサシ,0747495579,masashi_meguro@mjql.yu,630-1241,奈良県,奈良市,阪原町,3-1-4,プレシャス阪原町205
中嶋香織,ナカジマカオリ,0744191717,xxom=yvwiipmclwkaori11273@sssdirnbdj.obd,637-1663,奈良県,吉野郡十津川村,玉垣内,3-4,玉垣内テラス412
武井瑞希,タケイミズキ,0164304415,mizuki709@cqsgeqtkoe.ctue.cev,099-5611,北海道,紋別郡滝上町,第１区,3-16,
斎藤志帆,サイトウシホ,0987903975,Shiho_Saitou@irsod.ay,901-0225,沖縄県,豊見城市,豊崎,4-4-11,テラス豊崎117
荒木早百合,アラキサユリ,0249645634,sayuri_araki@xxqimzz.yek,969-6544,福島県,河沼郡会津坂下町,東南町裏甲,4-9-12,
吉井玲奈,ヨシイレイナ,0747274744,reina_yoshii@emrzaqpp.tb,639-0264,奈良県,香芝市,今泉,1-15-11,ヴィレッジ今泉315
谷本義弘,タニモトヨシヒロ,0867205295,yoshihiro_tanimoto@ultnyru.vdryh.ib,717-0412,岡山県,真庭市,本庄,3-4-20,
前原拓,マエハラタク,0190106202,taku43584@ajnrgopio.jd,028-7673,岩手県,八幡平市,殿坂下タ,2-20-16,
根岸美緒,ネギシミオ,0592983200,mio044@bsbc.cxf,511-0828,三重県,桑名市,立花町,4-5,
植田虎太郎,ウエダコタロウ,0467237099,kotarouueda@xrpcsq.ok,252-0331,神奈川県,相模原市南区,大野台,3-16-16,
北川奈美,キタガワナミ,0493118606,nami670@lwyz.lsksr.kag,350-2217,埼玉県,鶴ヶ島市,三ツ木,2-14-12,
服部清治,ハットリセイジ,0448071389,ihattori@eedxy.eg,211-0034,神奈川県,川崎市中原区,井田中ノ町,1-18-5,井田中ノ町ランド318
山下聡仁,ヤマシタアキヒト,055599791,Akihito_Yamashita@rukospiqdd.yc,409-0624,山梨県,大月市,七保町林,3-18-10,
小柳羽菜,コヤナギハナ,0285293342,hana80454@xdmmmqf.yb,321-0415,栃木県,宇都宮市,免ノ内町,2-7-8,リバーサイド免ノ内町206
皆川円美,ミナガワマルミ,0172551252,iminagawa@psral.yje,035-0064,青森県,むつ市,港町,3-18-19,
津田雪乃,ツダユキノ,0224494402,yukino_tsuda@mprgjmahe.wx,981-4332,宮城県,加美郡加美町,南寺宿,4-20-3,南寺宿シーサイド105
西川千春,ニシカワチハル,0236764459,Chiharu_Nishikawa@unvniqxr.nmt.dct,998-0028,山形県,酒田市,北里町,3-10,北里町庵107
岩谷菫,イワタニスミレ,0353783402,ywjteczzypusumire271@vynmtrn.tu,201-0002,東京都,狛江市,東野川,3-20-6,東野川ヴィレッジ110
横溝浩寿,ヨコミゾヒロヒサ,0247769124,eptdx-ihirohisa43216@sxwyawq.whvqq.eud,969-6132,福島県,大沼郡会津美里町,本郷高田町,2-7,
北野豊治,キタノトヨジ,0258451207,toyoji1229@pnoweekpo.ebq,949-7101,新潟県,南魚沼市,五日町,4-14-16,
水田正博,ミズタマサヒロ,0787336594,wgcwvd=xhobhmasahiro0099@qyhxnabsg.tvfuf.mek,669-6728,兵庫県,美方郡新温泉町,対田,1-18,グリーン対田404
伊藤桃子,イトウモモコ,0880235916,momokoitou@bnqh.pmf,770-0801,徳島県,徳島市,上助任町,1-6-1,
相田芽依,アイダメイ,0855534834,meiaida@jjgpb.lmc,696-1133,島根県,邑智郡美郷町,小林,4-6,小林パーク106
佐藤円香,サトウマドカ,089580875,Madoka_Satou@pstcfhg.yp,792-0009,愛媛県,新居浜市,星越町,3-10-1,
半田功,ハンダイサオ,024350829,Isao_Handa@nvmcjqbjq.kq,964-0853,福島県,二本松市,向陽台,1-17-11,向陽台マンション212
小宮康子,コミヤヤスコ,0749603226,yasuko_komiya@utlnenmg.gapoq.fey,521-0035,滋賀県,米原市,醒井,1-14-20,
村岡淳之介,ムラオカジュンノスケ,0463682307,emuraoka@gndmlid.qb,232-0056,神奈川県,横浜市南区,通町,1-19-16,
池本勝美,イケモトカツミ,0721889014,katsumi680@lelh.eiy,572-0078,大阪府,寝屋川市,太間町,1-13,
長谷川福太郎,ハセガワフクタロウ,0886105091,fukutarou23468@awpcmv.glveh.ovt,780-0047,高知県,高知市,相模町,3-11-11,
甲斐茂樹,カイシゲキ,0735738326,shigeki28992@ylsoe.qh,647-0019,和歌山県,新宮市,新町,1-17,
水上実希子,ミズカミミキコ,0176854628,mikiko712@imrqclqcz.etvon.lw,034-0004,青森県,十和田市,ひがしの,1-5-7,
藤原早希,フジワラサキ,0795625885,saki1902@wlsfnbp.zz,667-0015,兵庫県,養父市,八鹿町大江,3-12-17,グリーン八鹿町大江419
沖田泰弘,オキタヤスヒロ,0536637285,yasuhiro2689@lmzoqgcf.lvjnr.bk,417-0813,静岡県,富士市,船津,3-15-12,
金井泰,カネイヤスシ,0592593433,yasushi2501@pqlrywhgw.xwuqa.rxd,510-1233,三重県,三重郡菰野町,菰野,1-13-12,
小幡花恋,オバタカレン,0839905932,Karen_Obata@ewydoa.ywr,753-0071,山口県,山口市,滝町,1-9-8,滝町ダイヤモンド200
寺西晴臣,テラニシハルオミ,0278054242,haruomi06299@towstevo.di,370-0511,群馬県,邑楽郡大泉町,北小泉,4-5-19,北小泉コーポ309
栗本静子,クリモトシズコ,0778732429,shizuko0294@jvyc.ips,916-1115,福井県,鯖江市,落井町,1-20,
大久保恵子,オオクボケイコ,0267051850,keiko8320@vhtm.ybg,390-0812,長野県,松本市,県,4-17-13,
久保田美結,クボタミユ,0770484900,miyu2834@qurrqsa.nnua.ja,914-0261,福井県,敦賀市,元比田,2-9-9,プレイス元比田204
黒沢民男,クロサワタミオ,0949770685,tamio46988@cznziozvk.gwi.tm,832-0054,福岡県,柳川市,有明町,3-6-8,
江田多紀,エダタキ,0231993498,ecqwvfpfmqlfsb=taki169@bqovmhjsm.tbumg.fe,999-7542,山形県,鶴岡市,水沢,2-19-17,水沢メゾン219
迫田敏行,サコタトシユキ,0265262587,isakota@phkqa.sqd,399-1202,長野県,下伊那郡天龍村,神原,1-17,
水田福太郎,ミズタフクタロウ,086590150,fukutarou82913@yebjijgqe.igd,714-0074,岡山県,笠岡市,吉浜,4-14-17,
川口麻美,カワグチアサミ,0374679775,asami5842@pcrwak.fk,162-0855,東京都,新宿区,二十騎町,4-8,ザ二十騎町100
永瀬遙香,ナガセハルカ,0732284933,zolgrtmvzzccjsgharuka97524@jbuy.tv,649-1232,和歌山県,日高郡日高町,阿尾,3-18-8,
庄司梓,ショウジアズサ,012496071,ashouji@jbuiccn.tg,079-1102,北海道,赤平市,幌岡町,2-7-1,
野村美雪,ノムラミユキ,0746910150,a=adgbyfmiyuki2872@ulzslzufa.ylz,636-0023,奈良県,北葛城郡王寺町,太子,4-10-13,
鳴海有沙,ナルミアリサ,0594827212,arisanarumi@vbthtq.sk,515-2525,三重県,津市,一志町石橋,3-1,
小森淑子,コモリトシコ,0929057081,toshiko5440@uyeopcsuzi.ft,838-0068,福岡県,朝倉市,甘木,1-4,パレス甘木115
江田夏美,エダナツミ,0985144832,natsumieda@bgjdtp.qp,901-1201,沖縄県,南城市,大里嶺井,1-15-8,
鶴田勝久,ツルタカツヒサ,0736736664,katsuhisa779@szfzkhafj.bim,640-8266,和歌山県,和歌山市,東長町中ノ丁,4-17-20,
塚原帆香,ツカハラホノカ,0187336792,Honoka_Tsukahara@lendmy.paz,018-4271,秋田県,北秋田市,福田,4-4,福田シーサイド217
村岡悠奈,ムラオカユウナ,0332281137,yuuna_muraoka@lcelhig.gg,100-0012,東京都,千代田区,日比谷公園,4-4,日比谷公園ドリーム311
池田時男,イケダトキオ,0746159262,tokio34189@alld.psi,631-0801,奈良県,奈良市,左京,4-18,
大竹滋,オオタケシゲル,0552059395,shigeruootake@pdglxz.xdu,406-0032,山梨県,笛吹市,石和町四日市場,2-19,
大貫実桜,オオヌキミオ,0880052052,Mio_Oonuki@ooldcb.sn,780-0034,高知県,高知市,三園町,3-18-10,三園町ガーデン213
土居佳代子,ドイカヨコ,0478980454,kayokodoi@icgfxlhvxt.eq,290-0521,千葉県,市原市,山小川,1-15-4,
深田淳子,フカダジュンコ,089555299,kmmyadkjunko09084@qcihko.swq,792-0874,愛媛県,新居浜市,長岩町,1-3-7,レジデンス長岩町206
角田有里,カクタユリ,0956526971,maqaragrayuri8720@vbamzwvfr.zeb,852-8013,長崎県,長崎市,梁川町,2-2,
益子繁,マスコシゲル,0922208680,shigeru5687@ftvhvi.xm,800-0011,福岡県,北九州市門司区,奥田,4-4,奥田プラチナ114
稲葉早苗,イナバサナエ,0235788017,sanae2773@uogxlprcwh.gy,999-3222,山形県,上山市,相生,2-8-18,相生プラチナ318
金子伊都子,カネコイツコ,0748896783,jmcnbxnitsuko73886@ivmeoncc.yv,520-0812,滋賀県,大津市,木下町,1-16-2,グランド木下町417
中村善一,ナカムラゼンイチ,096679873,zenichi_nakamura@whnf.rgpfn.md,861-4725,熊本県,下益城郡美里町,坂貫,3-4-13,坂貫シーサイド113
岩崎南海,イワサキミナミ,0237079891,minami22069@glwpjqhqau.uv,993-0081,山形県,長井市,緑町,2-9,
伴敏幸,バントシユキ,0227257918,Toshiyuki_Ban@igdykzzvhy.oa,989-2381,宮城県,亘理郡亘理町,逢隈上郡,1-13-16,タワー逢隈上郡213
菅美優,カンミユウ,0977214809,miyuu195@lfobzxwbfi.yi,879-0225,大分県,中津市,三光上深水,3-9,三光上深水プレイス105
稲垣次夫,イナガキツギオ,0969832278,tsugioinagaki@bjkhbj.myg,861-3804,熊本県,上益城郡山都町,貫原,2-10-13,
上杉由紀子,ウエスギユキコ,0191151110,yukiko0598@dupry.copj.ehl,027-0046,岩手県,宮古市,花原市,2-5,
仲野真波人,ナカノマナト,0870780502,manato_nakano@nummdimpw.vo.sf,768-0024,香川県,観音寺市,中田井町,2-3,ダイヤモンド中田井町307
荒川松太郎,アラカワマツタロウ,0794361963,matsutarou_arakawa@xflqskmhuw.wxehs.znh,665-0845,兵庫県,宝塚市,栄町,1-20,
田渕日菜子,タブチヒナコ,0145448054,hinako8745@iumjkdsq.wb,006-0035,北海道,札幌市手稲区,稲穂五条,1-17,
